,fileName,Title,Artist,Album,Genre,Release Date,Length
0,music\01 (Underneath the) Lovely London Sky.mp3,(Underneath the) Lovely London Sky,Lin-Manuel Miranda,Mary Poppins Returns (Original Motion Picture Soundtrack),Soundtrack,2018,3:47
1,music\01 24K Magic.mp3,24K Magic,Bruno Mars,24K Magic,Pop,2016,3:46
2,music\01 Bad Romance.mp3,Bad Romance,Lady Gaga,Bad Romance - Single,Pop,2009,4:54
3,music\01 Be Kind.mp3,Be Kind,Marshmello & Halsey,Be Kind - Single,Dance,2020,2:52
4,music\01 Beautiful Mistakes.mp3,Beautiful Mistakes,Maroon 5 & Megan Thee Stallion,JORDI,Pop,2021,3:47
5,music\01 Believer (Kaskade Remix).mp3,Believer (Kaskade Remix),Imagine Dragons,Believer (Kaskade Remix) - Single,Alternative,2017,3:10
6,music\01 Boomerang.mp3,Boomerang,JoJo Siwa,Boomerang - Single,Pop,2016,3:27
7,music\01 Born in the U.S.A..mp3,Born in the U.S.A.,Bruce Springsteen,Born In the U.S.A.,Rock,1984,4:39
8,music\01 Born to Be Yours.mp3,Born to Be Yours,Kygo & Imagine Dragons,Born to Be Yours - Single,Dance,2019,3:13
9,music\01 Born to Run.mp3,Born to Run,Bruce Springsteen,Greatest Hits,Rock,1975,4:30
10,music\01 brutal.mp3,brutal,Olivia Rodrigo,SOUR,Pop,2021,2:23
11,music\01 Butter.mp3,Butter,BTS,Butter - Single,K-Pop,2021,2:44
12,music\01 Chandelier.mp3,Chandelier,Sia,1000 Forms of Fear,Pop,2014,3:36
13,music\01 Come Together (2019 Mix).mp3,Come Together (2019 Mix),The Beatles,Abbey Road (2019 Mix),Rock,1969,4:20
14,music\01 Cover Me Up.mp3,Cover Me Up,Morgan Wallen,Cover Me Up - Single,Country,2019,4:52
15,music\01 Cruise.mp3,Cruise,Florida Georgia Line,It'z Just What We Do - EP,Country,2012,3:29
16,music\01 Crying in the Club.mp3,Crying in the Club,Camila Cabello,Crying in the Club - Single,Pop,2017,3:36
17,music\01 Cuz I Love You.mp3,Cuz I Love You,Lizzo,Cuz I Love You,Pop,2019,3:1
18,music\01 Don't Start Now.mp3,Don't Start Now,Dua Lipa,Don't Start Now - Single,Pop,2019,3:3
19,music\01 Dynamite.mp3,Dynamite,BTS,Dynamite - Single,K-Pop,2020,3:19
20,music\01 Every Girl's a Super Girl.mp3,Every Girl's a Super Girl,JoJo Siwa,Every Girl's a Super Girl - Single,Pop,2018,2:56
21,music\01 Golden.mp3,Golden,Harry Styles,Fine Line,Pop,2019,3:28
22,music\01 Higher Love.mp3,Higher Love,Kygo & Whitney Houston,Higher Love - Single,Pop,2019,3:48
23,music\01 HOLIDAY.mp3,HOLIDAY,Lil Nas X,HOLIDAY - Single,Pop,2020,2:35
24,music\01 It Ain't Me.mp3,It Ain't Me,Kygo & Selena Gomez,It Ain't Me - Single,Pop,2017,3:40
25,music\01 Kid in a Candy Store.mp3,Kid in a Candy Store,JoJo Siwa,Kid in a Candy Store - Single,Pop,2017,3:1
26,music\01 Know Your Worth.mp3,Know Your Worth,Khalid & Disclosure,Know Your Worth - Single,R&B/Soul,2020,3:1
27,music\01 Laugh Now Cry Later (feat. Lil Durk).mp3,Laugh Now Cry Later (feat. Lil Durk),Drake,Laugh Now Cry Later (feat. Lil Durk) - Single,Hip-Hop/Rap,2020,4:21
28,music\01 Leave Before You Love Me.mp3,Leave Before You Love Me,Marshmello & Jonas Brothers,Leave Before You Love Me - Single,Pop,2021,2:35
29,music\01 Leave The Door Open.mp3,Leave The Door Open,"Bruno Mars, Anderson .Paak & Silk Sonic",Leave The Door Open - Single,R&B/Soul,2021,4:2
30,music\01 Life Goes On.mp3,Life Goes On,BTS,BE,K-Pop,2020,3:27
31,music\01 Lil Bit.mp3,Lil Bit,Nelly & Florida Georgia Line,Lil Bit - Single,Country,2020,3:16
32,music\01 MONTERO (Call Me By Your Name).mp3,MONTERO (Call Me By Your Name),Lil Nas X,MONTERO (Call Me By Your Name) - Single,Pop,2021,2:17
33,music\01 Radioactive.mp3,Radioactive,Imagine Dragons,Night Visions,Alternative,2012,3:6
34,music\01 Señorita.mp3,Señorita,Shawn Mendes & Camila Cabello,Señorita - Single,Pop,2019,3:11
35,music\01 Silence (feat. Khalid).mp3,Silence (feat. Khalid),Marshmello,Silence (feat. Khalid) - Single,Dance,2017,3:0
36,music\01 Spirit (From Disney's _The Lion King_).mp3,"Spirit (From Disney's ""The Lion King"")",Beyoncé,"Spirit (From Disney's ""The Lion King"") - Single",Pop,2019,4:37
37,music\01 Starboy (feat. Daft Punk).mp3,Starboy (feat. Daft Punk),The Weeknd,Starboy,R&B/Soul,2016,3:50
38,music\01 Sucker.mp3,Sucker,Jonas Brothers,Happiness Begins,Pop,2019,3:1
39,music\01 SUN GOES DOWN.mp3,SUN GOES DOWN,Lil Nas X,SUN GOES DOWN - Single,Pop,2021,2:48
40,music\01 The Middle.mp3,The Middle,"Zedd, Maren Morris & Grey",The Middle - Single,Dance,2018,3:4
41,music\01 There's Nothing Holdin' Me Back.mp3,There's Nothing Holdin' Me Back,Shawn Mendes,Illuminate (Deluxe),Pop,2016,3:19
42,music\01 Tiny Dancer.mp3,Tiny Dancer,Elton John,Madman Across the Water,Pop,1971,6:17
43,music\01 Umbrella (feat. JAY-Z).mp3,Umbrella (feat. JAY-Z),Rihanna,Good Girl Gone Bad,Pop,2007,4:36
44,music\01 What a Man Gotta Do.mp3,What a Man Gotta Do,Jonas Brothers,What a Man Gotta Do - Single,Pop,2020,3:0
45,music\01 Without Me.mp3,Without Me,Halsey,Without Me - Single,Alternative,2018,3:21
46,music\01 Wolves.mp3,Wolves,Selena Gomez & Marshmello,Wolves - Single,Pop,2017,3:18
47,music\01 Your Song.mp3,Your Song,Elton John,Elton John,Pop,1970,4:4
48,music\01 Yummy.mp3,Yummy,Justin Bieber,Yummy - Single,Pop,2020,3:30
49,music\02 Animals.mp3,Animals,Maroon 5,V,Pop,2014,3:51
50,music\02 bad guy.mp3,bad guy,Billie Eilish,"WHEN WE ALL FALL ASLEEP, WHERE DO WE GO?",Alternative,2019,3:14
51,music\02 Blank Space.mp3,Blank Space,Taylor Swift,1989,Pop,2014,3:51
52,music\02 Boy With Luv (feat. Halsey).mp3,Boy With Luv (feat. Halsey),BTS,MAP OF THE SOUL : PERSONA,K-Pop,2019,3:49
53,music\02 Do You Want to Build a Snowman_.mp3,Do You Want to Build a Snowman?,"Kristen Bell, Agatha Lee Monn & Katie Lopez",Frozen (Original Motion Picture Soundtrack),Musicals,2013,3:28
54,music\02 Locked Out of Heaven.mp3,Locked Out of Heaven,Bruno Mars,Unorthodox Jukebox,Pop,2012,3:53
55,music\02 Panini.mp3,Panini,Lil Nas X,7 - EP,Alternative,2019,1:54
56,music\02 Payphone (feat. Wiz Khalifa).mp3,Payphone (feat. Wiz Khalifa),Maroon 5,Overexposed (Deluxe Version),Pop,2012,3:51
57,music\02 Stitches.mp3,Stitches,Shawn Mendes,Handwritten (Revisited),Pop,2015,3:26
58,music\02 Stole the Show (feat. Parson James).mp3,Stole the Show (feat. Parson James),Kygo,Cloud Nine,Dance,2015,3:42
59,music\02 Stressed Out.mp3,Stressed Out,twenty one pilots,Blurryface,Alternative,2015,3:22
60,music\02 Watermelon Sugar.mp3,Watermelon Sugar,Harry Styles,Fine Line,Pop,2019,2:54
61,music\02 Young Dumb & Broke.mp3,Young Dumb & Broke,Khalid,American Teen,R&B/Soul,2017,3:22
62,music\03 Adore You.mp3,Adore You,Harry Styles,Fine Line,Pop,2019,3:27
63,music\03 Closer (feat. Halsey).mp3,Closer (feat. Halsey),The Chainsmokers,Collage - EP,Dance,2016,4:5
64,music\03 drivers license.mp3,drivers license,Olivia Rodrigo,SOUR,Pop,2021,4:2
65,music\03 For the First Time in Forever.mp3,For the First Time in Forever,Kristen Bell & Idina Menzel,Frozen (Original Motion Picture Soundtrack),Musicals,2013,3:45
66,music\03 Go Your Own Way.mp3,Go Your Own Way,Fleetwood Mac,Greatest Hits,Rock,1977,3:38
67,music\03 Heartless.mp3,Heartless,Kanye West,808s & Heartbreak,Hip-Hop/Rap,2008,3:31
68,music\03 Heathens.mp3,Heathens,twenty one pilots,Suicide Squad: The Album,Alternative,2016,3:15
69,music\03 Juice.mp3,Juice,Lizzo,Cuz I Love You,Pop,2019,3:15
70,music\03 Location.mp3,Location,Khalid,American Teen,R&B/Soul,2016,3:39
71,music\03 Mercy.mp3,Mercy,Shawn Mendes,Illuminate (Deluxe),Pop,2016,3:28
72,music\03 My Church.mp3,My Church,Maren Morris,Hero,Country,2016,3:18
73,music\03 Only Human.mp3,Only Human,Jonas Brothers,Happiness Begins,Pop,2019,3:3
74,music\03 Passionfruit.mp3,Passionfruit,Drake,More Life,Hip-Hop/Rap,2017,4:58
75,music\03 Ride.mp3,Ride,twenty one pilots,Blurryface,Alternative,2015,3:34
76,"music\03 Rocket Man (I Think It's Going to Be a Long, Long Time).mp3","Rocket Man (I Think It's Going to Be a Long, Long Time)",Elton John,Diamonds,Pop,1972,4:42
77,music\03 Shy Away.mp3,Shy Away,twenty one pilots,Scaled And Icy,Alternative,2021,2:55
78,music\03 Simple.mp3,Simple,Florida Georgia Line,Can't Say I Ain't Country,Country,2018,3:5
79,music\03 Snowman.mp3,Snowman,Sia,Everyday Is Christmas (Deluxe),Holiday,2017,2:45
80,music\03 Stronger.mp3,Stronger,Kanye West,Graduation,Hip-Hop/Rap,2007,5:12
81,music\04 Amazing (feat. Young Jeezy).mp3,Amazing (feat. Young Jeezy),Kanye West,808s & Heartbreak,Hip-Hop/Rap,2008,3:58
82,music\04 Bop!.mp3,Bop!,JoJo Siwa,Celebrate - EP,Pop,2019,2:36
83,music\04 Can You Imagine That_.mp3,Can You Imagine That?,"Emily Blunt, Pixie Davies, Joel Dawson & Nathanael Saleh",Mary Poppins Returns (Original Motion Picture Soundtrack),Soundtrack,2018,4:22
84,music\04 Demons.mp3,Demons,Imagine Dragons,Night Visions,Alternative,2012,2:57
85,music\04 Fix You.mp3,Fix You,Coldplay,X&Y,Alternative,2005,4:55
86,music\04 Floating Through Space.mp3,Floating Through Space,Sia & David Guetta,Music - Songs From and Inspired By the Motion Picture,Pop,2021,2:57
87,music\04 Havana (feat. Young Thug).mp3,Havana (feat. Young Thug),Camila Cabello,Camila,Pop,2017,3:37
88,music\04 I Could Use a Love Song.mp3,I Could Use a Love Song,Maren Morris,Hero,Country,2016,3:16
89,music\04 I Knew You Were Trouble.mp3,I Knew You Were Trouble,Taylor Swift,Red,Country,2012,3:39
90,music\04 Lose You to Love Me.mp3,Lose You to Love Me,Selena Gomez,Rare,Pop,2019,3:26
91,music\04 Love Is an Open Door.mp3,Love Is an Open Door,Kristen Bell & Santino Fontana,Frozen (Original Motion Picture Soundtrack),Musicals,2013,2:7
92,music\04 My Oh My (feat. DaBaby).mp3,My Oh My (feat. DaBaby),Camila Cabello,Romance,Pop,2019,2:51
93,music\04 Poker Face.mp3,Poker Face,Lady Gaga,The Fame,Pop,2008,3:57
94,music\04 Rain On Me.mp3,Rain On Me,Lady Gaga & Ariana Grande,Chromatica,Pop,2020,3:2
95,music\04 Shape of You.mp3,Shape of You,Ed Sheeran,÷ (Deluxe),Pop,2017,3:53
96,music\04 The Scientist.mp3,The Scientist,Coldplay,A Rush of Blood to the Head,Alternative,2002,5:9
97,music\04 Treat You Better.mp3,Treat You Better,Shawn Mendes,Illuminate (Deluxe),Pop,2016,3:8
98,music\04 Whiskey Glasses.mp3,Whiskey Glasses,Morgan Wallen,If I Know Me,Country,2016,3:54
99,music\04 Work (feat. Drake).mp3,Work (feat. Drake),Rihanna,ANTI (Deluxe),Pop,2016,3:39
100,music\04 You should be sad.mp3,You should be sad,Halsey,Manic,Alternative,2019,3:25
101,music\05 deja vu.mp3,deja vu,Olivia Rodrigo,SOUR,Pop,2021,3:35
102,music\05 Firestone (feat. Conrad Sewell).mp3,Firestone (feat. Conrad Sewell),Kygo,Cloud Nine,Dance,2014,4:33
103,music\05 Good as Hell.mp3,Good as Hell,Lizzo,Coconut Oil - EP,Pop,2016,2:39
104,music\05 Hurricane.mp3,Hurricane,Luke Combs,This One's for You,Country,2015,3:43
105,music\05 Levitating.mp3,Levitating,Dua Lipa,Future Nostalgia (The Moonlight Edition),Pop,2020,3:23
106,music\05 Love Yourself.mp3,Love Yourself,Justin Bieber,Purpose,Pop,2015,3:53
107,music\05 Perfect.mp3,Perfect,Ed Sheeran,÷ (Deluxe),Pop,2017,4:23
108,music\05 Something Just Like This.mp3,Something Just Like This,The Chainsmokers & Coldplay,Memories...Do Not Open,Dance,2017,4:7
109,music\05 Vienna.mp3,Vienna,Billy Joel,The Stranger,Rock,1977,3:33
110,music\05 Yellow.mp3,Yellow,Coldplay,Parachutes,Alternative,2000,4:29
111,music\06 Bring U Down.mp3,Bring U Down,Lil Nas X,7 - EP,Alternative,2019,2:11
112,music\06 Cheap Thrills.mp3,Cheap Thrills,Sia,This Is Acting,Pop,2016,3:31
113,music\06 Circles.mp3,Circles,Post Malone,Hollywood's Bleeding,Hip-Hop/Rap,2019,3:35
114,music\06 Falling.mp3,Falling,Harry Styles,Fine Line,Pop,2019,4:0
115,music\06 good 4 u.mp3,good 4 u,Olivia Rodrigo,SOUR,Pop,2021,2:58
116,music\06 Hakuna Matata (From _the Lion King 1½_).mp3,"Hakuna Matata (From ""the Lion King 1½"")","Joseph Williams, Nathan Lane, Ernie Sabella & Jason Weaver",Best of the Lion King,Soundtrack,1994,3:32
117,music\06 I'm on Fire.mp3,I'm on Fire,Bruce Springsteen,Born In the U.S.A.,Rock,1984,2:39
118,music\06 Let It Be.mp3,Let It Be,The Beatles,Let It Be,Rock,1970,4:3
119,music\06 Lonely.mp3,Lonely,Diplo & Jonas Brothers,Diplo Presents Thomas Wesley: Snake Oil (Deluxe),Dance,2019,2:19
120,music\06 Look What You Made Me Do.mp3,Look What You Made Me Do,Taylor Swift,reputation,Pop,2017,3:31
121,music\06 Partition.mp3,Partition,Beyoncé,Beyoncé (Deluxe),Pop,2013,5:19
122,music\06 Photograph.mp3,Photograph,Ed Sheeran,x,Pop,2014,4:19
123,music\06 Shake It Off.mp3,Shake It Off,Taylor Swift,1989,Pop,2014,3:39
124,music\07 A Cover Is Not the Book.mp3,A Cover Is Not the Book,"Emily Blunt, Lin-Manuel Miranda & Company - Mary Poppins Returns",Mary Poppins Returns (Original Motion Picture Soundtrack),Soundtrack,2018,4:25
125,music\07 Can't Feel My Face.mp3,Can't Feel My Face,The Weeknd,Beauty Behind the Madness,R&B/Soul,2015,3:33
126,music\07 Godzilla (feat. Juice WRLD).mp3,Godzilla (feat. Juice WRLD),Eminem,Music To Be Murdered By,Hip-Hop/Rap,2020,3:30
127,music\07 Here Comes the Sun (2019 Mix).mp3,Here Comes the Sun (2019 Mix),The Beatles,Abbey Road (2019 Mix),Rock,1969,3:5
128,music\07 Needed Me.mp3,Needed Me,Rihanna,ANTI (Deluxe),Pop,2016,3:11
129,music\07 Not Afraid.mp3,Not Afraid,Eminem,Recovery,Hip-Hop/Rap,2010,4:8
130,music\07 ocean eyes.mp3,ocean eyes,Billie Eilish,dont smile at me,Alternative,2016,3:20
131,music\07 Selfish Love.mp3,Selfish Love,DJ Snake & Selena Gomez,Revelación - EP,Pop,2021,2:48
132,music\07 Talking to the Moon.mp3,Talking to the Moon,Bruno Mars,Doo-Wops & Hooligans,Pop,2010,3:37
133,music\07 The Chain.mp3,The Chain,Fleetwood Mac,Rumours,Rock,1977,4:29
134,music\07 when the party's over.mp3,when the party's over,Billie Eilish,"WHEN WE ALL FALL ASLEEP, WHERE DO WE GO?",Alternative,2018,3:16
135,music\08 Old Town Road.mp3,Old Town Road,Lil Nas X,7 - EP,Hip-Hop/Rap,2018,1:53
136,music\08 The Place Where Lost Things Go.mp3,The Place Where Lost Things Go,Emily Blunt,Mary Poppins Returns (Original Motion Picture Soundtrack),Soundtrack,2018,3:43
137,music\08 The Real Slim Shady.mp3,The Real Slim Shady,Eminem,The Marshall Mathers LP,Hip-Hop/Rap,2000,4:44
138,music\08 When It Rains It Pours.mp3,When It Rains It Pours,Luke Combs,This One's for You,Country,2016,4:2
139,music\09 Better Now.mp3,Better Now,Post Malone,beerbongs & bentleys,Hip-Hop/Rap,2018,3:51
140,music\09 Blinding Lights.mp3,Blinding Lights,The Weeknd,After Hours,R&B/Soul,2019,3:20
141,music\09 Break My Heart.mp3,Break My Heart,Dua Lipa,Future Nostalgia,Pop,2020,3:41
142,music\09 Chasin' You.mp3,Chasin' You,Morgan Wallen,If I Know Me,Country,2018,3:25
143,music\09 Dreams.mp3,Dreams,Fleetwood Mac,Greatest Hits,Rock,1987,4:14
144,music\09 Hold On.mp3,Hold On,Justin Bieber,Justice,Pop,2021,2:50
145,music\09 Landslide (Live).mp3,Landslide (Live),Fleetwood Mac,The Dance (Live),Rock,1997,4:28
146,music\09 Logo Te Pate.mp3,Logo Te Pate,"Olivia Foa'i, Opetaia Foa'i & Talaga Steve Sale",Moana (Original Motion Picture Soundtrack),Soundtrack,2016,2:10
147,music\1-01 Alexander Hamilton.mp3,Alexander Hamilton,"Leslie Odom, Jr., Anthony Ramos, Daveed Diggs, Okieriete Onaodowan, Lin-Manuel Miranda, Phillipa Soo, Christopher Jackson & Original Broadway Cast of ""Hamilton""",Hamilton: An American Musical (Original Broadway Cast Recording),Soundtrack,2015,3:56
148,music\1-01 Bohemian Rhapsody.mp3,Bohemian Rhapsody,Queen,"The Platinum Collection (Greatest Hits I, II & III)",Rock,1975,5:55
149,music\1-01 Piano Man.mp3,Piano Man,Billy Joel,The Essential Billy Joel,Rock,1973,5:39
150,"music\1-02 Aaron Burr, Sir.mp3","Aaron Burr, Sir","Lin-Manuel Miranda, Leslie Odom, Jr., Anthony Ramos, Daveed Diggs & Okieriete Onaodowan",Hamilton: An American Musical (Original Broadway Cast Recording),Soundtrack,2015,2:36
151,music\1-02 Another One Bites the Dust.mp3,Another One Bites the Dust,Queen,"The Platinum Collection (Greatest Hits I, II & III)",Rock,1980,3:35
152,music\1-03 My Shot.mp3,My Shot,"Lin-Manuel Miranda, Anthony Ramos, Daveed Diggs, Okieriete Onaodowan, Leslie Odom, Jr. & Original Broadway Cast of ""Hamilton""",Hamilton: An American Musical (Original Broadway Cast Recording),Soundtrack,2015,5:33
153,music\1-03 Power.mp3,Power,Kanye West,My Beautiful Dark Twisted Fantasy (Deluxe Edition),Hip-Hop/Rap,2010,4:52
154,music\1-05 God's Plan.mp3,God's Plan,Drake,Scorpion,Hip-Hop/Rap,2018,3:19
155,music\1-07 Don't Stop Me Now.mp3,Don't Stop Me Now,Queen,"The Platinum Collection (Greatest Hits I, II & III)",Rock,1978,3:30
156,music\1-13 Wait For It.mp3,Wait For It,"Leslie Odom, Jr. & Original Broadway Cast of ""Hamilton""",Hamilton: An American Musical (Original Broadway Cast Recording),Soundtrack,2015,3:13
157,music\1-15 More Than My Hometown.mp3,More Than My Hometown,Morgan Wallen,Dangerous: The Double Album,Country,2020,3:36
158,music\1-16 We Will Rock You.mp3,We Will Rock You,Queen,"The Platinum Collection (Greatest Hits I, II & III)",Rock,1977,2:2
159,music\10 7 rings.mp3,7 rings,Ariana Grande,"thank u, next",Pop,2019,2:58
160,music\10 Don't Go Breaking My Heart.mp3,Don't Go Breaking My Heart,RuPaul & Elton John,Duets,Pop,1993,4:59
161,music\10 Thunder.mp3,Thunder,Imagine Dragons,Evolve,Alternative,2018,3:7
162,music\11 Dancing In the Dark.mp3,Dancing In the Dark,Bruce Springsteen,Born In the U.S.A.,Rock,1984,4:5
163,music\11 Love on the Brain.mp3,Love on the Brain,Rihanna,ANTI (Deluxe),Pop,2016,3:44
164,music\11 Memories.mp3,Memories,Maroon 5,JORDI (Deluxe),Pop,2019,3:9
165,"music\11 thank u, next.mp3","thank u, next",Ariana Grande,"thank u, next",Pop,2018,3:27
166,music\11 Thinking Out Loud.mp3,Thinking Out Loud,Ed Sheeran,x,Pop,2014,4:41
167,music\11 ___Flawless (feat. Chimamanda Ngozi Adichie).mp3,***Flawless (feat. Chimamanda Ngozi Adichie),Beyoncé,Beyoncé (Deluxe),Pop,2013,4:11
168,music\12 Boys.mp3,Boys,Lizzo,Cuz I Love You (Super Deluxe),Pop,2018,2:52
169,music\12 Congratulations (feat. Quavo).mp3,Congratulations (feat. Quavo),Post Malone,Stoney (Deluxe),Hip-Hop/Rap,2016,3:40
170,music\12 Formation.mp3,Formation,Beyoncé,Lemonade,Pop,2016,3:26
171,music\12 One Dance (feat. Wizkid & Kyla).mp3,One Dance (feat. Wizkid & Kyla),Drake,Views,Hip-Hop/Rap,2016,2:54
172,music\12 Peaches (feat. Daniel Caesar & GIVĒON).mp3,Peaches (feat. Daniel Caesar & GIVĒON),Justin Bieber,Justice,Pop,2021,3:18
173,music\12 positions.mp3,positions,Ariana Grande,Positions,Pop,2020,2:52
174,music\12 Shallow.mp3,Shallow,Lady Gaga & Bradley Cooper,A Star Is Born Soundtrack,Soundtrack,2018,3:35
175,music\12 The Bones.mp3,The Bones,Maren Morris,GIRL,Country,2019,3:17
176,music\12 The Lion King_ Circle of Life.mp3,The Lion King: Circle of Life,Geek Music,"The Greatest Disney Songs, Vol. 2",Soundtrack,2019,4:0
177,music\12 Your Power.mp3,Your Power,Billie Eilish,Happier Than Ever,Alternative,2021,4:5
178,music\13 Truth Hurts.mp3,Truth Hurts,Lizzo,Cuz I Love You (Super Deluxe),Pop,2017,2:53
179,music\13 We're Good.mp3,We're Good,Dua Lipa,Future Nostalgia (The Moonlight Edition),Pop,2021,2:45
180,music\14 pov.mp3,pov,Ariana Grande,Positions,Pop,2020,3:21
181,music\14 Twist and Shout.mp3,Twist and Shout,The Beatles,Please Please Me,Rock,1963,2:33
182,music\15 Beautiful Crazy.mp3,Beautiful Crazy,Luke Combs,This One’s for You Too (Deluxe Edition),Country,2018,3:13
183,music\17 'Till I Collapse (feat. Nate Dogg).mp3,'Till I Collapse (feat. Nate Dogg),Eminem,The Eminem Show,Hip-Hop/Rap,2002,4:57
184,music\17 Better Together.mp3,Better Together,Luke Combs,What You See Is What You Get,Country,2019,3:37
185,music\18 I Feel It Coming (feat. Daft Punk).mp3,I Feel It Coming (feat. Daft Punk),The Weeknd,Starboy,R&B/Soul,2016,4:29
186,music\2-01 7_11.mp3,7/11,Beyoncé,BEYONCÉ (Platinum Edition),Pop,2014,3:33
187,music\2-03 Uptown Girl.mp3,Uptown Girl,Billy Joel,The Essential Billy Joel,Rock,1983,3:18
188,music\2-10 We Didn't Start the Fire.mp3,We Didn't Start the Fire,Billy Joel,The Essential Billy Joel,Rock,1989,4:51
